{
  "Banner": [
    {
      "url": "https://firebasestorage.googleapis.com/v0/b/project-200-1.appspot.com/o/banner1.png?alt=media&token=f575274a-95c5-482f-be80-5ef8d8496bed"
    },
    {
      "url": "https://firebasestorage.googleapis.com/v0/b/project-200-1.appspot.com/o/banner2.png?alt=media&token=4b32b621-dab3-42f5-b781-3fc4038d1101"
    }
  ],
  "Category": [
    {
      "id": 0,
      "picUrl": "https://firebasestorage.googleapis.com/v0/b/project-200-1.appspot.com/o/cat1.png?alt=media&token=e3988db7-b935-495a-abbb-89a1b0aa5e0e",
      "title": "Pc"
    },
    {
      "id": 1,
      "picUrl": "https://firebasestorage.googleapis.com/v0/b/project-200-1.appspot.com/o/cat2.png?alt=media&token=4508a8d0-dc76-4e54-8234-4a7ddcfbfe41",
      "title": "Smartphone"
    },
    {
      "id": 2,
      "picUrl": "https://firebasestorage.googleapis.com/v0/b/project-200-1.appspot.com/o/cat3.png?alt=media&token=9e2e8b2c-09f8-453f-9dcd-2d83c52acd93",
      "title": "Headphone"
    },
    {
      "id": 3,
      "picUrl": "https://firebasestorage.googleapis.com/v0/b/project-200-1.appspot.com/o/cat4.png?alt=media&token=9b2bc494-e8a3-4632-9fba-09f1a3a7aa48",
      "title": "Console"
    },
    {
      "id": 4,
      "picUrl": "https://firebasestorage.googleapis.com/v0/b/project-200-1.appspot.com/o/cat5.png?alt=media&token=39a6cd36-9b5f-4a1b-aee0-a424ae086532",
      "title": "Camera"
    },
    {
      "id": 5,
      "picUrl": "https://firebasestorage.googleapis.com/v0/b/project-200-1.appspot.com/o/cat6.png?alt=media&token=32a1dcaa-35d6-4dfe-a339-ffe8d0a53926",
      "title": "Smartwatch"
    }
  ],
  "Items": [
    {
      "categoryId": 2,
      "description": "Lorem ipsum dolor sit amet, consectetur adipiscing elit. Sed  do eiusmod tempor incididunt ut labore et dolore magna  aliqua. Ut enim ad minim veniam, quis nostrud exercitation  ullamco laboris nisi ut aliquip ex ea commodo consequat.  Duis aute irure dolor in reprehenderit in voluptate velit esse  cillum dolore eu fugiat nulla pariatur. Excepteur sint occaecat  cupidatat non proident, sunt in culpa qui officia deserunt .Excepteur sint occaecat",
      "model": [
        "Black",
        "Purple",
        "Pink",
        "Blue"
      ],
      "picUrl": [
        "https://firebasestorage.googleapis.com/v0/b/project-200-1.appspot.com/o/cat1_1.png?alt=media&token=45bc3936-4865-4b79-9c91-458097454b89"
      ],
      "price": 95,
      "rating": 4.6,
      "showRecommended": true,
      "title": "Headphone 12A"
    },
    {
      "categoryId": 0,
      "description": "Lorem ipsum dolor sit amet, consectetur adipiscing elit. Sed  do eiusmod tempor incididunt ut labore et dolore magna  aliqua. Ut enim ad minim veniam, quis nostrud exercitation  ullamco laboris nisi ut aliquip ex ea commodo consequat.  Duis aute irure dolor in reprehenderit in voluptate velit esse  cillum dolore eu fugiat nulla pariatur. Excepteur sint occaecat  cupidatat non proident, sunt in culpa qui officia deserunt .Excepteur sint occaecat",
      "model": [
        "core i3",
        "core i5",
        "core i7"
      ],
      "picUrl": [
        "https://firebasestorage.googleapis.com/v0/b/project-200-1.appspot.com/o/cat2_1.png?alt=media&token=fb49a7c9-3094-4f5c-9ea6-b8365cd86323",
        "https://firebasestorage.googleapis.com/v0/b/project-200-1.appspot.com/o/cat2_2.png?alt=media&token=3f826014-4808-4387-af6f-22dc7ddd4780",
        "https://firebasestorage.googleapis.com/v0/b/project-200-1.appspot.com/o/cat2_3.png?alt=media&token=d4ab793a-cb72-45ab-ae43-8db69adaaeba",
        "https://firebasestorage.googleapis.com/v0/b/project-200-1.appspot.com/o/cat2_4.png?alt=media&token=dfb10462-9138-471a-b34a-537bc7f5b7c8",
        "https://firebasestorage.googleapis.com/v0/b/project-200-1.appspot.com/o/cat2_5.png?alt=media&token=2bfd17ef-d8c5-409e-8d6c-2d9e57d394c4"
      ],
      "price": 550,
      "rating": 4.7,
      "showRecommended": true,
      "title": " Business Laptop "
    },
    {
      "categoryId": 0,
      "description": "Lorem ipsum dolor sit amet, consectetur adipiscing elit. Sed  do eiusmod tempor incididunt ut labore et dolore magna  aliqua. Ut enim ad minim veniam, quis nostrud exercitation  ullamco laboris nisi ut aliquip ex ea commodo consequat.  Duis aute irure dolor in reprehenderit in voluptate velit esse  cillum dolore eu fugiat nulla pariatur. Excepteur sint occaecat  cupidatat non proident, sunt in culpa qui officia deserunt .Excepteur sint occaecat",
      "model": [
        "core i3",
        "core i5",
        "core i7"
      ],
      "picUrl": [
        "https://firebasestorage.googleapis.com/v0/b/project-200-1.appspot.com/o/loptop3.png?alt=media&token=98341aff-2edb-40cd-a6a9-b1e1bb6d68d3"
      ],
      "price": 550,
      "rating": 4.7,
      "showRecommended": false,
      "title": " Laptop A34f "
    },
    {
      "categoryId": 0,
      "description": "Lorem ipsum dolor sit amet, consectetur adipiscing elit. Sed  do eiusmod tempor incididunt ut labore et dolore magna  aliqua. Ut enim ad minim veniam, quis nostrud exercitation  ullamco laboris nisi ut aliquip ex ea commodo consequat.  Duis aute irure dolor in reprehenderit in voluptate velit esse  cillum dolore eu fugiat nulla pariatur. Excepteur sint occaecat  cupidatat non proident, sunt in culpa qui officia deserunt .Excepteur sint occaecat",
      "model": [
        "core i3",
        "core i5",
        "core i7"
      ],
      "picUrl": [
        "https://firebasestorage.googleapis.com/v0/b/project-200-1.appspot.com/o/loptop2.png?alt=media&token=5dc9e247-e02f-4ef3-9b64-5e963974eea6"
      ],
      "price": 550,
      "rating": 4.7,
      "showRecommended": false,
      "title": "Laptop 128Gig "
    },
    {
      "categoryId": 0,
      "description": "Lorem ipsum dolor sit amet, consectetur adipiscing elit. Sed  do eiusmod tempor incididunt ut labore et dolore magna  aliqua. Ut enim ad minim veniam, quis nostrud exercitation  ullamco laboris nisi ut aliquip ex ea commodo consequat.  Duis aute irure dolor in reprehenderit in voluptate velit esse  cillum dolore eu fugiat nulla pariatur. Excepteur sint occaecat  cupidatat non proident, sunt in culpa qui officia deserunt .Excepteur sint occaecat",
      "model": [
        "core i3",
        "core i5",
        "core i7"
      ],
      "picUrl": [
        "https://firebasestorage.googleapis.com/v0/b/project-200-1.appspot.com/o/loptop4.png?alt=media&token=31915e96-bcf8-486d-a4ae-43082a3e24fd"
      ],
      "price": 550,
      "rating": 4.7,
      "showRecommended": false,
      "title": "laptop B2003"
    },
    {
      "categoryId": 0,
      "description": "Lorem ipsum dolor sit amet, consectetur adipiscing elit. Sed  do eiusmod tempor incididunt ut labore et dolore magna  aliqua. Ut enim ad minim veniam, quis nostrud exercitation  ullamco laboris nisi ut aliquip ex ea commodo consequat.  Duis aute irure dolor in reprehenderit in voluptate velit esse  cillum dolore eu fugiat nulla pariatur. Excepteur sint occaecat  cupidatat non proident, sunt in culpa qui officia deserunt .Excepteur sint occaecat",
      "model": [
        "core i3",
        "core i5",
        "core i7"
      ],
      "picUrl": [
        "https://firebasestorage.googleapis.com/v0/b/project-200-1.appspot.com/o/loptop5.png?alt=media&token=0ef14278-ff09-4b22-97b5-77020b91ed4f"
      ],
      "price": 550,
      "rating": 4.7,
      "showRecommended": false,
      "title": " Business Laptop "
    },
    {
      "categoryId": 0,
      "description": "Lorem ipsum dolor sit amet, consectetur adipiscing elit. Sed  do eiusmod tempor incididunt ut labore et dolore magna  aliqua. Ut enim ad minim veniam, quis nostrud exercitation  ullamco laboris nisi ut aliquip ex ea commodo consequat.  Duis aute irure dolor in reprehenderit in voluptate velit esse  cillum dolore eu fugiat nulla pariatur. Excepteur sint occaecat  cupidatat non proident, sunt in culpa qui officia deserunt .Excepteur sint occaecat",
      "model": [
        "core i3",
        "core i5",
        "core i7"
      ],
      "picUrl": [
        "https://firebasestorage.googleapis.com/v0/b/project-200-1.appspot.com/o/loptop6.png?alt=media&token=9aa2f48d-a2ba-416a-82ea-6521dd6e5da5"
      ],
      "price": 550,
      "rating": 4.7,
      "showRecommended": false,
      "title": "Laptop MOH345 "
    },
    {
      "categoryId": 4,
      "description": "Lorem ipsum dolor sit amet, consectetur adipiscing elit. Sed  do eiusmod tempor incididunt ut labore et dolore magna  aliqua. Ut enim ad minim veniam, quis nostrud exercitation  ullamco laboris nisi ut aliquip ex ea commodo consequat.  Duis aute irure dolor in reprehenderit in voluptate velit esse  cillum dolore eu fugiat nulla pariatur. Excepteur sint occaecat  cupidatat non proident, sunt in culpa qui officia deserunt .Excepteur sint occaecat",
      "model": [
        "18-55mm",
        "35-200mm",
        "75-300mm"
      ],
      "picUrl": [
        "https://firebasestorage.googleapis.com/v0/b/project-200-1.appspot.com/o/cat3_1.png?alt=media&token=5d4f3dab-9019-4c7c-8208-92607dc01755",
        "https://firebasestorage.googleapis.com/v0/b/project-200-1.appspot.com/o/cat3_2.png?alt=media&token=b58f7011-bb82-4a54-b6a2-5c9ffc2cd63b",
        "https://firebasestorage.googleapis.com/v0/b/project-200-1.appspot.com/o/cat3_3.png?alt=media&token=425ff9ec-c0ae-48e4-8724-2daf90bd1d31",
        "https://firebasestorage.googleapis.com/v0/b/project-200-1.appspot.com/o/cat3_4.png?alt=media&token=bba6d3a8-f0e2-4b7d-9c39-3541e106ca2c"
      ],
      "price": 750,
      "rating": 4.5,
      "showRecommended": true,
      "title": "Digital Camera"
    },
    {
      "categoryId": 3,
      "description": "Lorem ipsum dolor sit amet, consectetur adipiscing elit. Sed  do eiusmod tempor incididunt ut labore et dolore magna  aliqua. Ut enim ad minim veniam, quis nostrud exercitation  ullamco laboris nisi ut aliquip ex ea commodo consequat.  Duis aute irure dolor in reprehenderit in voluptate velit esse  cillum dolore eu fugiat nulla pariatur. Excepteur sint occaecat  cupidatat non proident, sunt in culpa qui officia deserunt .Excepteur sint occaecat",
      "model": [
        "Slim",
        "Slim Digital"
      ],
      "picUrl": [
        "https://firebasestorage.googleapis.com/v0/b/project-200-1.appspot.com/o/cat4_1.png?alt=media&token=fc09bbc0-c6b5-4014-89d6-8cb60d4706b3",
        "https://firebasestorage.googleapis.com/v0/b/project-200-1.appspot.com/o/cat4_2.png?alt=media&token=fa3492ba-1576-45d8-a014-def7bdab3fcf",
        "https://firebasestorage.googleapis.com/v0/b/project-200-1.appspot.com/o/cat4_3.png?alt=media&token=461e3ad9-b1a7-4b51-9086-ccae91feb404"
      ],
      "price": 500,
      "rating": 4.9,
      "showRecommended": true,
      "title": "PS5"
    }
  ]
}