{
  "project_info": {
    "project_number": "771085199133",
    "firebase_url": "https://baodang-f3fc3-default-rtdb.firebaseio.com",
    "project_id": "baodang-f3fc3",
    "storage_bucket": "baodang-f3fc3.firebasestorage.app"
  },
  "client": [
    {
      "client_info": {
        "mobilesdk_app_id": "1:771085199133:android:d30abc24f67540065423f4",
        "android_client_info": {
          "package_name": "com.example.cafevensong"
        }
      },
      "oauth_client": [],
      "api_key": [
        {
          "current_key": "AIzaSyD5MIioq24S0_uBrdTPO08RUkObMIINBjI"
        }
      ],
      "services": {
        "appinvite_service": {
          "other_platform_oauth_client": []
        }
      }
    }
  ],
  "configuration_version": "1"
}